,Shore_A_mean,Elongation_mean,Skin_Time_mean
count,18.0,16.0,16.0
mean,34.166666666666664,607.125,151.875
std,8.174566007548334,178.3210120354114,345.1080748596493
min,20.0,250.0,35.0
25%,28.5,487.5,48.75
50%,36.25,600.0,60.0
75%,40.0,755.0,70.0
max,48.0,900.0,1440.0
